frequency_Hz,frequency_GHz,S11_dB,S21_dB,S11_abs,S21_abs,power_sum
1000000000.0,1.0,0.01954372639056913,-56.05698359549465,1.0022525879250377,0.0015745295664957282,1.0045127291457912
1198000000.0,1.198,-0.011491163418035237,-56.26965443628443,0.9986779056584232,0.0015364459188375792,0.9973599199163561
1396000000.0,1.396,0.03179280340465689,-56.18896817659389,1.0036669887711689,0.0015507849983473557,1.007349829283097
1594000000.0,1.594,-0.02546456749517085,-56.17248482326946,0.9970725766090476,0.0015537307423430708,0.9941561371050248
1792000000.0,1.792,0.01766421566488821,-56.30943737535111,1.0020357372887256,0.001529424811024107,1.004077957944013
1990000000.0,1.99,-0.01997037325005668,-56.0878693322002,0.9977034668891306,0.001568940715082415,0.9954146694175577
2188000000.0,2.188,-0.016332265742096053,-56.43457253427358,0.9981214451155036,0.0015075487789929826,0.9962486919027825
2386000000.0,2.386,-0.007111509596021529,-56.156260209355324,0.9991815922792074,0.001556635711337155,0.9983662774643505
2584000000.0,2.584,-0.05050745975380004,-56.21401679495102,0.9942019875329168,0.0015463192422990866,0.9884399831176008
2782000000.0,2.782,-0.007697121095255981,-56.59296281343077,0.9991142287125517,0.0014803072267182277,0.9982314333253621
2980000000.0,2.98,-0.06731062226744491,-55.96600457432082,0.9922805275839087,0.0015911084100789369,0.9846231770481727
3178000000.0,3.178,-0.032944345225636,-56.58112002701603,0.9962143258895676,0.001482326929913217,0.9924451804007329
3376000000.0,3.376,-0.06529686465087181,-56.42036887372356,0.9925106069662835,0.0015100160252050293,0.9850795850889769
3574000000.0,3.574,-0.07489797865126166,-56.074087831585885,0.9914141225328881,0.0015714320569028975,0.9829044317563659
3772000000.0,3.772,-0.06065757482669138,-56.875139936191346,0.9930408663242922,0.0014329894835165174,0.9861322156489609
3970000000.0,3.97,-0.11379692443557077,-56.0875640513817,0.9869840940871858,0.0015689958592234074,0.974140063729109
4168000000.0,4.168,-0.07363368635185054,-56.62435801177238,0.991558440331134,0.0014749663058935766,0.9831903161175147
4366000000.0,4.366,-0.13431928345651883,-56.62551916207731,0.9846548759146857,0.0014747691420823551,0.9695473996065873
4564000000.0,4.564,-0.11126820911842261,-56.13280721128185,0.9872714757183195,0.0015608445037639776,0.9747074030025935
4762000000.0,4.762,-0.13860705873614726,-57.16125844260348,0.9841689225930615,0.0013865549253061576,0.9685903907325487
4960000000.0,4.96,-0.16222968478107916,-56.0830142818038,0.9814959587554071,0.00156981793271097,0.9633367813815373
5158000000.0,5.158,-0.14478364186459527,-56.850748764175165,0.9834693235198454,0.0014370191702658256,0.9672139753286778
5356000000.0,5.356,-0.20642656416312455,-56.85450125381802,0.976514444683693,0.0014363984814095827,0.9535825239164987
5554000000.0,5.554,-0.17128266400092035,-56.04137273592955,0.9804735149984585,0.0015773619604586575,0.9613308016841869
5752000000.0,5.752,-0.23159062833902327,-57.67651794998372,0.973689459338685,0.0013066946184943692,0.9480728706780867
5950000000.0,5.95,-0.22151031919796033,-56.05832604450357,0.9748201193822591,0.0015742862336410707,0.9502767435295872
6148000000.0,6.148,-0.24393491380979265,-56.91126046130738,0.9723066460399021,0.001427042728447415,0.9453822503843121
6346000000.0,6.346,-0.2816524026270276,-57.356039478791985,0.9680936687157903,0.0013558074814812144,0.9372071896215252
6544000000.0,6.544,-0.2630404440439396,-55.83858138161751,0.9701703054513653,0.0016146222426260714,0.9412330285845818
6742000000.0,6.742,-0.33228197144951155,-58.12625107599675,0.9624671187835806,0.0012407590345983905,0.926344494222549
6940000000.0,6.94,-0.3051014924303288,-56.301099177641916,0.965483653931359,0.0015308937186465363,0.9321610296442263
7138000000.0,7.138,-0.36464271360772427,-56.64563117204043,0.9588879572422756,0.001471358292974077,0.9194682794394905
7336000000.0,7.336,-0.36972233099967,-58.09570703642991,0.9583273514578122,0.0012451298597912592,0.9183928629005129
7534000000.0,7.534,-0.3884855152717442,-55.84503147873966,0.9562594153086663,0.0016134236775043414,0.9144346725024355
7732000000.0,7.732,-0.4409140277709444,-58.00408995403182,0.9505047655069792,0.0012583327569001405,0.9034608926528045
7930000000.0,7.93,-0.42403564307730246,-56.99320291314586,0.9523535781429728,0.00141364334937173,0.9069793361892428
8128000000.0,8.128,-0.5006887732540432,-56.381503891926876,0.9439860171606012,0.0015167877251282915,0.8911119012397376
8326000000.0,8.326,-0.4850413495187794,-58.50759397618315,0.9456881182206753,0.0011874635873315217,0.8943274270135333
8524000000.0,8.524,-0.544550584001169,-56.31659679279484,0.9392311134437019,0.0015281646891899358,0.8821574197480133
8722000000.0,8.722,-0.5679277370447375,-57.46919508448346,0.9367066709259511,0.0013382592249849908,0.8774211782949314
8920000000.0,8.92,-0.5860161312070709,-57.88069402586498,0.9347580059122321,0.0012763368220035337,0.8737741586526958
9118000000.0,9.118,-0.6555816351395632,-56.362393077856794,0.9273014059365173,0.0015201286564156596,0.8598902082429738
9316000000.0,9.316,-0.6457185649737394,-58.35848270407893,0.9283549806387337,0.0012080248406751307,0.8618444294007591
9514000000.0,9.514,-0.7323447985329405,-57.18211749536094,0.9191423143310657,0.0013832291264356288,0.8448245073166839
9712000000.0,9.712,-0.7347270921973894,-56.72464185334616,0.9188902541796005,0.0014580348590806024,0.8443614250919008
9910000000.0,9.91,-0.7982868987530716,-58.96465120061158,0.9121907312325804,0.0011265940156266249,0.832093199360706
10108000000.0,10.108,-0.846429333301032,-56.43880598578843,0.9071488061091729,0.0015068141876185554,0.822921226914294
10306000000.0,10.306,-0.870412541628271,-57.50982171117413,0.9046474699341586,0.0013320143833056258,0.8183888191205918
10504000000.0,10.504,-0.9631502203502422,-58.8935770326993,0.8950400912796943,0.0011358504341509733,0.8010980551541724
10702000000.0,10.702,-0.9693076662705937,-55.56049563102896,0.8944058202708822,0.0016671520794201773,0.7999645507304858
10900000000.0,10.9,-1.0722447712736192,-59.945879193836106,0.8838687136726282,0.0010062503404386373,0.781224915549054
11098000000.0,11.098,-1.1031665915397102,-56.654182616556284,0.8807277299209861,0.001469910422045527,0.7756834948884224
11296000000.0,11.296,-1.1788748527127122,-55.61388330948418,0.8730844581265134,0.001656936383922916,0.7622792164602477
11494000000.0,11.494,-1.2629123314026245,-63.0795802088638,0.8646779483675365,0.0007014892007425749,0.7476684464801909
11692000000.0,11.692,-1.3043295458116444,-53.89193865039465,0.8605646904361206,0.0020202404733382262,0.7405756677969865
11890000000.0,11.89,-1.4324001520480367,-58.77678877096048,0.8479690327288955,0.0011512259258770784,0.719052805788311
12088000000.0,12.088,-1.4712593091146902,-56.5224693662489,0.8441838404604749,0.0014923700739794996,0.7126485836630344
12286000000.0,12.286,-1.606173456817968,-52.652711808403076,0.8311728087969865,0.002330045541733852,0.6908536671956985
12484000000.0,12.484,-1.6892331903798827,-77.10881137764584,0.823262513155662,0.00013949525371461036,0.6777611850263023
12682000000.0,12.682,-1.800704145495779,-51.200282283172015,0.8127646244970779,0.0027541391949730126,0.6605939201165815
12880000000.0,12.88,-1.9533135089741038,-53.61719540806743,0.7986092286490746,0.0020851640542394827,0.6377810479926029
13078000000.0,13.078,-2.049417742563255,-53.983502858661055,0.7898217932223758,0.0019990555249274674,0.6238224612720012
13276000000.0,13.276,-2.2577501534468256,-48.288979923693645,0.771103176777876,0.0038508003606319632,0.5946149379003497
13474000000.0,13.474,-2.386131369265048,-54.093067377174165,0.7597897520302023,0.001973997649205581,0.5772843639568354
13672000000.0,13.672,-2.6151407442002923,-47.17092307828665,0.7400191574420287,0.004379795631568646,0.5476475359909844
13870000000.0,13.87,-2.8319301830754795,-46.631060852774496,0.721777751273642,0.004660655015273763,0.5209848439388066
14068000000.0,14.068,-3.066122439036474,-48.024826711333404,0.7025769186197323,0.003969708931565309,0.49363008516619905
14266000000.0,14.266,-3.3987735737373037,-43.20937006220899,0.6761784433857263,0.006910850480249888,0.45726504715390426
14464000000.0,14.464,-3.6744819521260914,-44.675088332446066,0.6550521891875689,0.005837751221418334,0.42912744989874985
14662000000.0,14.662,-4.115396114342696,-42.441616911801034,0.6226302178411016,0.007549516774221716,0.38772538337238194
14860000000.0,14.86,-4.523062275316715,-40.35443467026064,0.5940826734028287,0.009600155474325854,0.3530263858225833
15058000000.0,15.058,-5.073126687593637,-41.171881116088365,0.5576268352849296,0.008737877345829983,0.3110240379303967
15256000000.0,15.256,-5.7400028350123,-38.1433201639847,0.5164162007174864,0.012383231494976698,0.2668390367857414
15454000000.0,15.454,-6.495072365786907,-37.214879384838014,0.47341976085429893,0.01378021618153169,0.2243161643253514
15652000000.0,15.652,-7.606749392287638,-36.23460401006549,0.4165455798947955,0.015426585107928556,0.17374819965798366
15850000000.0,15.85,-8.906241149094125,-33.13414543083771,0.3586641279263901,0.02204411806916977,0.12912589980264547
16048000000.0,16.048,-10.918110674773086,-30.886633497969118,0.284507989226708,0.02855409006960607,0.08176013199352777
16246000000.0,16.246,-13.525625437843704,-26.91919431986755,0.21072629338525592,0.045085852304517934,0.04643830480191374
16444000000.0,16.444,-14.241751306628863,-20.977206274058812,0.1940494582769243,0.08935928523507174,0.04564027411529071
16642000000.0,16.642,-8.86731576435883,-14.707387725499132,0.3602750704566557,0.18392070107611055,0.16362495067687627
16840000000.0,16.84,-8.06813592867832,-11.684909850751588,0.3949964601047816,0.26046807924980664,0.2238658238033919
17038000000.0,17.038,-11.843075680894607,-12.517125816026551,0.25576800498593144,0.2366702716147999,0.12143008984070658
17236000000.0,17.236,-10.914863149932504,-12.344475657530062,0.28461438241696996,0.24142165185351674,0.13928976066227386
17434000000.0,17.434,-9.11296842318423,-11.730902849956319,0.3502285764082616,0.25909250950927704,0.18978898421677234
17632000000.0,17.632,-8.172344288034207,-10.991981602825941,0.39028583165426267,0.2820985928654633,0.23190264648673384
17830000000.0,17.83,-8.64665526927426,-10.486709667712152,0.3695449199739993,0.2989954067434384,0.22596170113226371
18028000000.0,18.028,-10.04935589987755,-10.355562074703705,0.31443595808658426,0.3035441701555284,0.1910090349732365
18226000000.0,18.226,-11.662532803703243,-10.258743918547783,0.26113997597099187,0.3069465837035915,0.16241029229743612
18424000000.0,18.424,-13.066813093164091,-10.101946675903228,0.22215666405285595,0.3125378830766136,0.14703351174110452
18622000000.0,18.622,-12.897898960655256,-9.99398775506436,0.2265192171140563,0.3164467299941148,0.15144948864593316
18820000000.0,18.82,-12.34780867652194,-9.739697685714466,0.24132902937981535,0.3258480420169001,0.16441664690765123
19018000000.0,19.018,-11.715782743965892,-9.420820558727804,0.2595439218665268,0.3380329006230126,0.18162928928146532
19216000000.0,19.216,-11.911009646957984,-9.227866708066532,0.25377539805450927,0.34562620644039743,0.18385942723610488
19414000000.0,19.414,-13.150470763296223,-8.978294547837265,0.22002724546587277,0.3557011527223214,0.17493529879528763
19612000000.0,19.612,-15.210817380117447,-8.876468791013528,0.17356379240836872,0.35989561934776537,0.15964924686088694
19810000000.0,19.81,-18.96620997244334,-8.950905244701769,0.11263918549355895,0.3568245590372504,0.14001135204078052
20008000000.0,20.008,-21.054538927600376,-8.90704517397619,0.08856722828355955,0.3586309290776117,0.13646029721690306
20206000000.0,20.206,-20.44465683973213,-9.001866283541492,0.09500952744387474,0.35473716085838425,0.13486526359897555
20404000000.0,20.404,-18.11282044972846,-9.005984381751535,0.12426790522102092,0.35456901501724164,0.14116169867831754
20602000000.0,20.602,-17.666925285257,-8.821794510739542,0.13081385244241037,0.36216816649591543,0.1482780448138378
20800000000.0,20.8,-18.524471056578143,-8.792738427718264,0.11851585314698744,0.36338172198735036,0.14609228332165028
20998000000.0,20.998,-21.10871779375076,-8.54258287978351,0.08801650315754146,0.37399935740677565,0.14762242416876262
21196000000.0,21.196,-29.32124148264737,-8.37172399110047,0.03419305665526644,0.381429080031385,0.146657308217019
21394000000.0,21.394,-22.63807359962336,-8.469292004501707,0.07380679043975223,0.3771684871367672,0.14770351000405524
21592000000.0,21.592,-16.573882516465908,-8.345922705633471,0.1483562592370402,0.38256379302794874,0.16836463539073906
21790000000.0,21.79,-12.306924581976148,-8.580871496793891,0.24246763191489357,0.37235434429040515,0.19743831023835387
21988000000.0,21.988,-10.731175510017268,-9.034410501215076,0.29069745157039945,0.353410521543328,0.20940400508705187
22186000000.0,22.186,-17.20217541030374,-15.221916969022818,0.13800385860062914,0.1733421390795326,0.04909256216933045
22384000000.0,22.384,-12.143644096089757,-9.712510276202286,0.24706873702605733,0.3268695658418495,0.16788667388929024
22582000000.0,22.582,-10.935802459671315,-10.763988356892494,0.2839290811746883,0.2896013500845997,0.1644846651075256
22780000000.0,22.78,-5.271397822216727,-22.966169461788738,0.545042174868103,0.0710708528343741,0.30212203850755703
22978000000.0,22.978,-11.1786182361964,-8.045511155749267,0.2761017047844831,0.3960266774743451,0.23306928065626686
23176000000.0,23.176,-13.676024858440503,-8.213090113303812,0.20710889763324614,0.3884592741486567,0.19379470315095965
23374000000.0,23.374,-11.087891620149335,-8.434407381222407,0.27900078100476045,0.37868633253279355,0.22124477424840377
23572000000.0,23.572,-8.554994809773433,-8.72853863056423,0.37346530287458346,0.36607752659350906,0.27348908792802573
23770000000.0,23.77,-6.436497731012779,-8.71157083741748,0.4766231290019436,0.36679335410632813,0.3617069717161735
23968000000.0,23.968,-6.413828809598429,-7.046788176603613,0.47786867138353023,0.44428391600625455,0.42574666511171305
24166000000.0,24.166,-6.585927392950742,-8.957690949323746,0.468493565372931,0.3565459047364981,0.3466112029802088
24364000000.0,24.364,-6.042173972234358,-9.60152988052696,0.49875963838246207,0.3310728031681296,0.35837037787700743
24562000000.0,24.562,-6.026327791192054,-9.774047488590368,0.49967038553607546,0.3245619661293341,0.3550109640395092
24760000000.0,24.76,-6.1543123508761335,-9.850572666550091,0.4923618359657181,0.3217150416810841,0.3459207455593943
24958000000.0,24.958,-6.191951909412751,-9.671939749722334,0.49023284436822645,0.3283998972113098,0.3481747341857605
25156000000.0,25.156,-6.00500413845235,-9.469366151320449,0.5008985714303129,0.3361488984585745,0.3638954607958413
25354000000.0,25.354,-5.9191288921270235,-9.322170632538407,0.5058753937024333,0.34189399139805277,0.3728014153076837
25552000000.0,25.552,-6.75097804960587,-11.908995831220492,0.45967522521074583,0.2538342424746331,0.2757331353252207
25750000000.0,25.75,-4.897010968553413,-14.366987732301872,0.569048721023588,0.19127165399503634,0.3604012925205782
25948000000.0,25.948,-3.8294552136658893,-14.90124412369726,0.6434684226095837,0.1798613272244358,0.4464017079266014
26146000000.0,26.146,-3.2978161609863674,-15.34310737125116,0.6840836205360453,0.1709403667661406,0.4971910088758467
26344000000.0,26.344,-2.9444987569861913,-16.049418493532286,0.7124839116683981,0.15759015233076537,0.5324679804979355
26542000000.0,26.542,-2.8308954126185064,-16.374483353273753,0.7218637434764965,0.15180141937978386,0.5441309350716184
26740000000.0,26.74,-2.6725365335036506,-17.476468853652733,0.7351452802287166,0.13371390042114895,0.5583179902083952
26938000000.0,26.938,-2.3868974440039676,-19.978373963821014,0.7597227433422078,0.10024928915259985,0.5872285667270117
27136000000.0,27.136,-4.171428231867515,-11.652901321489084,0.6186265976323378,0.26142970565259177,0.45104435829576317
27334000000.0,27.334,-4.494605733428604,-14.472250002504541,0.5960321871833013,0.18896766638375895,0.39096314709703356
27532000000.0,27.532,-3.6722522630952428,-13.295599356581892,0.6552203642649388,0.2163814527106033,0.47613465882463
27730000000.0,27.73,-7.318981731833639,-11.661263256104633,0.43057708514178866,0.26117814751966667,0.2536106509910039
27928000000.0,27.928,-3.5020957578389043,-16.625912720823305,0.6681826769709016,0.14747023216218852,0.46821555917797003
28126000000.0,28.126,-2.7281896985927565,-16.817248477570786,0.7304500364214315,0.14425722582393163,0.5543674029104874
28324000000.0,28.324,-3.1409111470364093,-13.788164544771146,0.6965534420456165,0.20445219276755844,0.5269873967530591
28522000000.0,28.522,-6.692673396672689,-9.082580962054529,0.4627712072798932,0.3514559918881453,0.33767850452136994
28720000000.0,28.72,-5.192566953403225,-9.445981340701614,0.5500113508475247,0.3370551233650089,0.4161186422477203
28918000000.0,28.918,-2.629932321235647,-14.264868446700355,0.7387600192457361,0.1935336902313949,0.583221655290542
29116000000.0,29.116,-2.5753420705629635,-17.040133221119426,0.7434176991277354,0.14060259588330404,0.5724389653454998
29314000000.0,29.314,-3.2162323867155713,-15.647393669437902,0.6905392689332059,0.16505562009936112,0.5040878396651911
29512000000.0,29.512,-4.027758187585772,-13.075885236110965,0.6289441625228063,0.2219247494266773,0.4448213539796075
29710000000.0,29.71,-4.9731332826139765,-11.570839804893225,0.5640834214209068,0.2639113144442346,0.38783928821360003
29908000000.0,29.908,-6.124318435400234,-10.866823791599883,0.49406498754834516,0.2861928703669173,0.32600657097000163
30106000000.0,30.106,-6.524239144061425,-10.652805506737737,0.4718327073459016,0.2933321899982118,0.3086698774105103
30304000000.0,30.304,-5.374359193669235,-10.93276910672336,0.5386194601945368,0.28402825438045065,0.3707829721866602
30502000000.0,30.502,-4.028768238280905,-11.530701495573899,0.6288710291328952,0.26513369553302973,0.465774647789668
30700000000.0,30.7,-3.38126165947779,-12.030914787233007,0.6775430846768564,0.2502962025613553,0.5217128206100647
30898000000.0,30.898,-3.5571894002070197,-12.371510480058358,0.66395788063673,0.24067139540334428,0.4987627878250112
31096000000.0,31.096,-4.168409199320572,-13.068228412274912,0.6188416565988568,0.2221204677655455,0.4323024981424022
31294000000.0,31.294,-4.200695476584065,-14.697906295529968,0.6165456332606901,0.18412157668478077,0.41402927289371516
31492000000.0,31.492,-3.8805234855764494,-16.914268448657804,0.6396962807828342,0.14265486186355705,0.4295617412607014
31690000000.0,31.69,-3.622649223887231,-18.41511524156793,0.6589728757730239,0.12001740656032976,0.4486494288820367
31888000000.0,31.888,-3.4902399971286657,-18.40106790263995,0.6690953322243773,0.1202116629096669,0.46213940750395743
32086000000.0,32.086,-3.5595361401307812,-17.664030123575166,0.6637785177778134,0.13085746229633557,0.45772559610194785
32284000000.0,32.284,-3.873130246059363,-16.372015174198985,0.6402410080800025,0.15184456134231972,0.43296531923653936
32482000000.0,32.482,-4.441320131014837,-14.956303245874949,0.5996999235161959,0.17872480739115879,0.3915825550423381
32680000000.0,32.68,-5.336496798943396,-13.6558164395868,0.5409724644677023,0.20759131406643244,0.3357453609880876
32878000000.0,32.878,-5.866916129418293,-12.81263524237551,0.5089254783677305,0.22875375822714117,0.31133342443486467
33076000000.0,33.076,-4.78862905591875,-13.109497388504517,0.5761937553683131,0.22106761740093203,0.3808701351887643
33274000000.0,33.274,-3.317567038093323,-14.251641092755552,0.6825298474538796,0.19382863858161514,0.5034165337998185
33472000000.0,33.472,-2.449163157217236,-15.280433678328574,0.7542960650659899,0.17217826058481173,0.5986079071920476
33670000000.0,33.67,-2.0967546948137654,-16.107291519026447,0.7855290766762852,0.1565436385945635,0.6415618410883224
33868000000.0,33.868,-2.014100798555479,-16.38147760687088,0.7930397569574115,0.15167923152062535,0.6519186453897577
34066000000.0,34.066,-2.190408843017209,-16.030862766775876,0.777104739774464,0.15792717313667143,0.6288327685948776
34264000000.0,34.264,-2.5570543702761284,-15.573337316582156,0.7449845763158326,0.16646890934369177,0.5827139167265588
34462000000.0,34.462,-3.22208804518134,-14.463442863816551,0.6900738935264604,0.18915936908184006,0.5119832454382085
34660000000.0,34.66,-4.12151261487957,-13.459341918500014,0.6221919233601904,0.21234053345062676,0.43221129164074973
34858000000.0,34.858,-4.672854898507363,-13.030434667083258,0.5839252496322148,0.2230890564461068,0.39073742426405866
35056000000.0,35.056,-4.490604682526486,-13.515850539761109,0.5963068055077774,0.21096357334197025,0.4000874355721032
35254000000.0,35.254,-2.7226476737427285,-14.572198903445244,0.7309162481928815,0.1868056703676578,0.5691349203538681
35452000000.0,35.452,-1.951834336967086,-25.32261269474567,0.7987452401636285,0.05418378823527438,0.6409298415915776
35650000000.0,35.65,-2.0581408601650386,-15.630475804473791,0.7890289844011038,0.1653774190169788,0.6499164289457545
35848000000.0,35.848,-1.571185209572369,-16.148694792686918,0.8345276672926718,0.15579921328956148,0.7207098223385946
36046000000.0,36.046,-1.39333188781808,-17.007090888410147,0.8517917033115258,0.14113848637576368,0.745469178166792
36244000000.0,36.244,-1.6306952743466478,-14.753338855950634,0.8288295687801633,0.1829502710290694,0.7204292557539215
36442000000.0,36.442,-1.9704250702950086,-16.602933142084066,0.7970374841945426,0.14786089916988351,0.6571315967144921
36640000000.0,36.64,-2.376111007806247,-18.315868853844247,0.7606667791955481,0.12139660946091468,0.5933510857603347
36838000000.0,36.838,-1.6065771264663353,-18.69663278900098,0.8311341816150778,0.11618989535125783,0.7042841196307014
37036000000.0,37.036,-2.5911808472098476,-13.523602228934273,0.7420633073305063,0.2107753836903414,0.5950842144561
37234000000.0,37.234,-1.4537552759795869,-28.459759249492762,0.8458867772530256,0.03775826563998867,0.7169501265556498
37432000000.0,37.432,-4.19496123473723,-11.347859131054129,0.616952798120081,0.27077405164803486,0.45394934215409016
37630000000.0,37.63,-2.590425498141482,-15.428703499915235,0.7421278420211337,0.16926408777715513,0.5794040653139773
37828000000.0,37.828,-1.50157780856609,-15.44948749135655,0.8412423144798025,0.16885954916821191,0.7362021790166267
38026000000.0,38.026,-1.874158631724305,-19.181836874946516,0.805920250334161,0.10987734484014944,0.661580480807798
38224000000.0,38.224,-1.6027942956241434,-23.2131867872455,0.8314962314319824,0.06907814404177973,0.6961577728698457
38422000000.0,38.422,-2.141722720346774,-30.387277431471134,0.7814727954118922,0.03024378405156781,0.6116144164426348
38620000000.0,38.62,-2.406108509433231,-28.19823830392481,0.7580442791373967,0.03891240602054482,0.5761453044752434
38818000000.0,38.818,-4.650437602058342,-15.302630494727774,0.5854342409328738,0.17173882027046738,0.3722274728445421
39016000000.0,39.016,-3.2454545119204585,-15.0093294487126,0.6882199764386024,0.17763703989141277,0.505201653910534
39214000000.0,39.214,-1.6823764233890888,-17.658781496384602,0.8239126650844977,0.1309365595009155,0.6959764623005766
39412000000.0,39.412,-1.3554589516993032,-17.397297155106603,0.8555138650575418,0.13493827134817535,0.7501123103801276
39610000000.0,39.61,-1.5396446555309242,-17.355962687844755,0.8375635466062046,0.13558194680715738,0.7198951589035829
39808000000.0,39.808,-1.869061785692839,-15.819246047815486,0.8063932999598712,0.16182204962464683,0.6764565299648926
40006000000.0,40.006,-1.9874132380456788,-15.515542124852287,0.7954801337708604,0.16758027306792703,0.6608717911456269
40204000000.0,40.204,-3.6836513292768913,-11.353307870043079,0.6543610393385682,0.2706042458443981,0.5014150276732665
40402000000.0,40.402,-5.53206153825732,-9.768822780136578,0.5289284446547993,0.32475725433004904,0.3852325738049372
40600000000.0,40.6,-3.5601008651840047,-10.66565005418198,0.6637353627080514,0.2928987358627073,0.5263343011791608
40798000000.0,40.798,-2.31133323335245,-12.252670437482553,0.7663608992100998,0.24398688260836987,0.6468386267230634
40996000000.0,40.996,-1.8657573271986247,-13.217368030105552,0.8067001424645313,0.21833914157464954,0.6984371005958501
41194000000.0,41.194,-2.0610382189629757,-14.36444272974396,0.7887658312965456,0.1913277056133775,0.6587578275562098
41392000000.0,41.392,-1.860804178157954,-17.280793001930732,0.8071602963117808,0.1367603960770848,0.6702111498772829
41590000000.0,41.59,-1.4503879499847456,-18.63206787222698,0.8462147722943953,0.11705678890175536,0.7297817326772454
41788000000.0,41.788,-1.8513420558457818,-16.003567680773877,0.8080400692851534,0.15842423400889638,0.6780269914916612
41986000000.0,41.986,-2.988267707236158,-14.678970869735794,0.7089026741837583,0.1845234035092734,0.5365918879075299
42184000000.0,42.184,-3.7373734084822634,-15.086353748883655,0.6503263176798498,0.17606876280501432,0.4539245287027214
42382000000.0,42.382,-3.8536031645523745,-15.8917504088656,0.6416819775791979,0.16047688272500665,0.4375085902390857
42580000000.0,42.58,-3.7466432510111307,-17.727655705499167,0.6496326401067377,0.12990241190750654,0.43889720371143753
42778000000.0,42.778,-3.0142290190966436,-21.175258839901055,0.7067869937447433,0.0873448006590766,0.5071769687289055
42976000000.0,42.976,-2.219983028647108,-23.575622898818395,0.7744633110242911,0.06625503001498752,0.6041831491249947
43174000000.0,43.174,-1.7456661707950158,-25.89739605433553,0.8179310432723431,0.05071427219681275,0.6715831289530361
43372000000.0,43.372,-1.4112408592718513,-28.03220306040385,0.8500372488689509,0.03966339152542704,0.7241365090919941
43570000000.0,43.57,-1.5068359688617339,-27.385137632636322,0.8407332073528656,0.04273100609829466,0.7086582648280089
43768000000.0,43.768,-2.076421612589846,-26.93363347153548,0.7873701013176164,0.04501096525390226,0.6219776634420016
43966000000.0,43.966,-2.843237947323183,-27.7446329274899,0.7208387130602667,0.040998536441182155,0.5212893302367007
44164000000.0,44.164,-3.641243751383305,-26.85520497673484,0.6575636726447354,0.04541922831477222,0.4344528898827423
44362000000.0,44.362,-4.2570949337316675,-23.84582234033747,0.6125552315352668,0.06422570541491729,0.37934885291726794
44560000000.0,44.56,-3.204407108549902,-23.481859361067357,0.6914800338313466,0.06697412246732813,0.4826301702676689
44758000000.0,44.758,-2.144420312861405,-25.430289129426896,0.781230129671532,0.05351623393893125,0.6131845028016052
44956000000.0,44.956,-1.6418336308670929,-27.958789518115186,0.8277673997976503,0.04000004906961773,0.6867988720933351
45154000000.0,45.154,-1.3323587030041861,-29.847250633105233,0.8577921447294146,0.032183810938942625,0.7368431612460423
45352000000.0,45.352,-1.2542039195491879,-30.995271885093274,0.8655453031255463,0.028199175197098185,0.7499638652444908
45550000000.0,45.55,-1.515236396931581,-25.903139706224536,0.8399204978867644,0.05068074784286442,0.708034980972262
45748000000.0,45.748,-1.396480809628482,-25.147318304312275,0.8514829566608865,0.05528840799259806,0.7280800335423212
45946000000.0,45.946,-2.5047064279367754,-27.01886548416708,0.749487991063675,0.04457144620189439,0.5637188625651915
46144000000.0,46.144,-2.413726058108271,-37.486512339047614,0.7573797636904654,0.013355937652859138,0.5738024875184123
46342000000.0,46.342,-2.3477061999708106,-13.561340138712474,0.7631584020849801,0.2098616064910206,0.6264526405518921
46540000000.0,46.54,-4.722635033834899,-12.598378764934557,0.5805882580432155,0.23446664101808093,0.39205733112795693
46738000000.0,46.738,-2.3237299251173402,-15.081150610083212,0.7652679123173977,0.17617426548748313,0.6166723494426825
46936000000.0,46.936,-1.387304932560864,-14.53814831110304,0.8523829486757831,0.18753942686860928,0.7617277278234292
47134000000.0,47.134,-1.9114407947154861,-20.855954856344162,0.8024684382758742,0.09061545118268483,0.6521667544219621
47332000000.0,47.332,-1.361747280138804,-22.61286502118572,0.8548947223478283,0.07402130695608217,0.736324140181657
47530000000.0,47.53,-1.2355580604980165,-24.0449068218103,0.8674053510065004,0.06277036570763052,0.7563321617657799
47728000000.0,47.728,-1.3104711333558607,-24.91842761142882,0.8599564205279868,0.056764735613046055,0.7427472804165266
47926000000.0,47.926,-2.9696417467745135,-26.782550709572156,0.7104244711592229,0.04580073679286678,0.506800636712631
48124000000.0,48.124,-3.0068404577078582,-22.605885036664148,0.7073884705097899,0.0740808144160105,0.5058864152747191
48322000000.0,48.322,-2.6441466017694464,-22.101736503502423,0.7375520422860198,0.07850786641450853,0.5501465001692373
48520000000.0,48.52,-2.508902030478373,-32.454205961409656,0.7491260483604844,0.02383909157503552,0.561758138619318
48718000000.0,48.718,-1.5569503906976054,-24.820930494827454,0.8358964493295732,0.05740549620262996,0.7020182649960578
48916000000.0,48.916,-1.7251600486944405,-16.845757619715727,0.8198643407191344,0.14378451572034204,0.6928515241437543
49114000000.0,49.114,-4.214045108159803,-12.16591296314068,0.61559877166669,0.24643611398142407,0.43969260595180293
49312000000.0,49.312,-2.795393590692419,-15.194193554913412,0.7248202538799279,0.17389629225526815,0.5556043208946928
49510000000.0,49.51,-2.6937805411768134,-16.85651830121627,0.7333494539432571,0.14360649580099985,0.5584242472351162
49708000000.0,49.708,-1.9137138522979156,-18.36486690338684,0.8022584634326034,0.12071372588526204,0.6581904457663441
49906000000.0,49.906,-1.5791744987174414,-18.383747560903792,0.8337604209005607,0.12045161350674612,0.7096650306566585
50104000000.0,50.104,-1.546112340953929,-16.769359431102238,0.8369401123434731,0.14505477456743804,0.7215096392743157
50302000000.0,50.302,-2.033234137160088,-16.684905988162512,0.7912947660642854,0.14647202999077918,0.6476014623703519
50500000000.0,50.5,-2.06401903192833,-18.551600721620098,0.7884951900466601,0.11814625608788185,0.6356832025543021
50698000000.0,50.698,-2.26399079456022,-16.73647469938495,0.7705493532693692,0.14560499207123262,0.614947119539907
50896000000.0,50.896,-2.6542975896263106,-16.073139474139005,0.7366905866410245,0.15716036410140913,0.5674124004899841
51094000000.0,51.094,-2.912408594200029,-15.813685388299115,0.7151210637538792,0.16192568039301686,0.537618061795221
51292000000.0,51.292,-2.703679010998668,-15.660704594908502,0.7325142023916329,0.16480286988610124,0.5637370426281452
51490000000.0,51.49,-2.6506200325835767,-16.84270032681422,0.7370025633508062,0.14383513445615276,0.5638613242896785
51688000000.0,51.688,-2.302685282374573,-19.08227344361443,0.767124292726612,0.11114407808429348,0.6008326865845122
51886000000.0,51.886,-2.2135953643620025,-16.958811553456865,0.7750330662615463,0.14192516974681516,0.6208190076064366
52084000000.0,52.084,-2.1343579742716505,-18.783423371607192,0.7821356854100443,0.11503469131023475,0.6249692105966808
52282000000.0,52.282,-2.2187108422568684,-19.583479667527037,0.7745767517750042,0.10491220540644972,0.6109757152335615
52480000000.0,52.48,-2.2864032665469467,-19.58544731206939,0.7685636437319678,0.10488844197436403,0.601691659726369
52678000000.0,52.678,-2.294765898913779,-20.094742973903585,0.7678240393328044,0.09891515851529395,0.5993379639614498
52876000000.0,52.876,-2.3079079336459145,-21.674077185655708,0.7666631749159846,0.0824700277538164,0.5945737292499729
53074000000.0,53.074,-2.8905714651640246,-25.549493949197423,0.7169212060918106,0.05278679601338017,0.5167624615774946
53272000000.0,53.272,-2.531455330664901,-40.36916488305776,0.747183432270787,0.009583888575067074,0.5583749323801732
53470000000.0,53.47,-2.016022976848311,-25.53469049532169,0.7928642775060171,0.05287683781775017,0.6314297225227431
53668000000.0,53.668,-2.1811518592312074,-27.257817501227937,0.7779333803571787,0.04336198201167935,0.6070606057579282
53866000000.0,53.866,-2.0436569819639616,-28.82971426466939,0.7903458021189399,0.036183809374191835,0.6259557549878586
54064000000.0,54.064,-1.811007907945252,-27.728611109235366,0.8118010423282346,0.04107423131243578,0.6607080248031155
54262000000.0,54.262,-1.7277912684590258,-27.144800665301965,0.8196160165251604,0.043929874921956824,0.6737002484552308
54460000000.0,54.46,-1.9136068696023822,-24.246860042399526,0.8022683447809827,0.06132774524811576,0.6473955893748355
54658000000.0,54.658,-2.4999773064791193,-23.93311386161266,0.7498961685747255,0.06358348193740616,0.5663871228183376
54856000000.0,54.856,-2.701362005691665,-23.12095559649238,0.7327096303511019,0.06981555907900962,0.5417376146987629
55054000000.0,55.054,-3.2443529407258644,-21.396353446777447,0.6883072641441775,0.08514954422088938,0.4810173347546676
55252000000.0,55.252,-2.6173874749004034,-28.059953889475963,0.7398277655620151,0.039536871894471845,0.5489082869356839
55450000000.0,55.45,-2.0575407743217102,-27.319345883023217,0.789083498273552,0.04305590338105418,0.6245065780635852
55648000000.0,55.648,-2.527116348397232,-21.64165674751323,0.7475567763607657,0.08277842569960343,0.5656934016442045
55846000000.0,55.846,-1.689272446748321,-26.433786238203382,0.8232587923826781,0.047677194069324504,0.6800281540697096
56044000000.0,56.044,-1.7863470862543083,-23.26561930431344,0.8141091682960957,0.0686624087368914,0.6674882642773127
56242000000.0,56.242,-1.5756154450159279,-21.08635812616704,0.8341021252355647,0.08824337168786543,0.7035132479693285
56440000000.0,56.44,-2.0455423838011018,-25.84969636986394,0.7901742643980203,0.05099354229286479,0.6269757094725267
56638000000.0,56.638,-2.0554321143343075,-29.72763942870465,0.7892750861082467,0.03263007173566681,0.6240198831326552
56836000000.0,56.836,-2.2211728659930503,-22.618476339385033,0.7743572283664495,0.07397350264505353,0.6051011962169475
57034000000.0,57.034,-2.1494001900393065,-22.221025893034895,0.7807823557278893,0.07743703312885622,0.6156175811157919
57232000000.0,57.232,-3.2435474227275343,-37.91878676873445,0.6883710998159102,0.012707515893760868,0.4740162520219561
57430000000.0,57.43,-2.9663968013971065,-26.476297827840245,0.7106899269003888,0.04744441637095597,0.5073311448424606
57628000000.0,57.628,-2.558176456982852,-23.512699430967395,0.7448883416948933,0.066736746195257,0.559312434885698
57826000000.0,57.826,-2.219662376907123,-28.577983503705223,0.7744919019461679,0.03724781698985473,0.6012251060507019
58024000000.0,58.024,-1.7051499555994125,-28.804897565414645,0.8217552781037856,0.03628733898053357,0.676598508061718
58222000000.0,58.222,-2.620483544787308,-27.068174184853664,0.7395641022669883,0.044319136562296975,0.5489192472276041
58420000000.0,58.42,-2.7458855212720095,-28.29965296065845,0.7289634004211161,0.0384607148478814,0.5328668657401263
58618000000.0,58.618,-2.2266789062199166,-28.58358418460309,0.773866513985118,0.03722380725646653,0.600254993294145
58816000000.0,58.816,-2.4779215319427443,-33.01197540536296,0.7518027732442353,0.02235636696872477,0.5657072170017635
59014000000.0,59.014,-2.08017840842691,-33.3381634039133,0.7870296239176093,0.0215323697980694,0.6198792718730144
59212000000.0,59.212,-1.580233873526994,-31.241345353574594,0.8336587374849995,0.027411495636109038,0.6957382806780917
59410000000.0,59.41,-2.1211310563616896,-25.223662375167297,0.7833276330207889,0.05480458345758895,0.6166057230219117
59608000000.0,59.608,-2.4431732788464937,-29.72354467498318,0.7548164147492289,0.03264545802449811,0.5708135459045092
59806000000.0,59.806,-1.999494166761289,-30.897981422635375,0.7943744947321938,0.02851680913468331,0.631844046284252
60004000000.0,60.004,-2.5427114896773384,-23.890318491811755,0.746215774535726,0.06389753071479337,0.5609208765974012
60202000000.0,60.202,-2.6738185223798,-27.030131474865364,0.7350367848915369,0.0445136725011118,0.5422605421832236
60400000000.0,60.4,-2.8403067355434297,-25.942631977073958,0.721082014273927,0.05045083994956994,0.522504558560961
60598000000.0,60.598,-2.391046266368079,-21.058777257809428,0.759359947797668,0.08852402193326407,0.584464032778518
60796000000.0,60.796,-2.913103117842692,-20.206902471955352,0.7150638849672993,0.09764609420349682,0.5208511192977254
60994000000.0,60.994,-2.944658996168028,-24.281839366898375,0.7124707677314217,0.06108126625019957,0.5113455159585291
61192000000.0,61.192,-2.6880698547911357,-23.683680151392807,0.7338317655925551,0.06543588679964005,0.5427909154739423
61390000000.0,61.39,-2.759603264550685,-23.87930575817737,0.7278130472619818,0.0639785969960094,0.5338050926383495
61588000000.0,61.588,-2.4003334382591364,-28.105959969287987,0.7585484549342173,0.03932801270766609,0.5769424510666225
61786000000.0,61.786,-1.9337367623655073,-25.344882737360784,0.8004112089862905,0.054045042553834695,0.643578970095541
61984000000.0,61.984,-1.867106973061994,-23.75440451152305,0.8065748041316434,0.06490524213361705,0.6547756051164222
62182000000.0,62.182,-2.1571222742450282,-25.310959981547363,0.7800885191700596,0.054256528263666816,0.6114818686001623
62380000000.0,62.38,-2.1463792634745684,-26.464350770527183,0.7810539567356812,0.04750971896893034,0.61230245672897
62578000000.0,62.578,-2.063186444187247,-22.735468470101342,0.78857077503813,0.0729838176033145,0.6271705048761909
62776000000.0,62.776,-2.3884621186028467,-21.024619578952827,0.7595858993496113,0.08887283231544725,0.5848691188145276
62974000000.0,62.974,-2.7983208231291385,-22.449577263909223,0.7245760232983266,0.07542601042588147,0.5306994965875821
63172000000.0,63.172,-3.8226131628017757,-15.77738720317627,0.6439754953841166,0.16260378095687972,0.44114442823669114
63370000000.0,63.37,-3.339347810071143,-15.842499805884799,0.6808204769565004,0.16138940100129315,0.48956306059883287
63568000000.0,63.568,-2.8743285384973625,-19.402493393526584,0.7182631289163345,0.10712117563310426,0.5273768686297011
63766000000.0,63.766,-2.1137167238629155,-25.191585766837044,0.7839965721029544,0.05500734854420714,0.6176764334630468
63964000000.0,63.964,-3.340348488574146,-17.240280297672673,0.680742045937778,0.13739976347584332,0.48228842811076955
64162000000.0,64.162,-2.074888965383415,-21.779000986835992,0.7875090470227477,0.08147979931451613,0.6268094568390101
64360000000.0,64.36,-1.9616122479062736,-25.02100407413518,0.7978465797141588,0.05609831235848984,0.6397061854110523
64558000000.0,64.558,-1.4636938807705886,-19.99373732677071,0.8449194466913471,0.10007212768961722,0.723903302137539
64756000000.0,64.756,-2.3375904281499067,-21.29445948855363,0.7640477103455277,0.08615431337337165,0.5911914693970807
64954000000.0,64.954,-1.991548640682736,-25.991477380517235,0.7951014911909889,0.05016792412988084,0.6347032019056358
65152000000.0,65.152,-2.465849002494326,-23.142778812461987,0.7528484314214948,0.06964036831861048,0.571630541593357
65350000000.0,65.35,-3.4890919976619514,-24.671163648186987,0.6691837712766171,0.05840389581823301,0.4512179347867428
65548000000.0,65.548,-3.6487662601879807,-21.482767226654957,0.6569944290388336,0.08430661235987015,0.4387492846756606
65746000000.0,65.746,-3.1355244776456344,-20.494533074139643,0.6969855528552683,0.0944655258160876,0.4947125964566739
65944000000.0,65.944,-2.5621005653377567,-26.69339294626308,0.7445518922918698,0.04627328723419209,0.5564987374268622
66142000000.0,66.142,-2.3334112624384673,-31.051831266965383,0.7644154159480365,0.0280161488820309,0.5851158327371897
66340000000.0,66.34,-2.9494155590024587,-18.90932875081614,0.7120807116326516,0.11337924546749187,0.5199137931820413
66538000000.0,66.538,-1.8041982445578437,-23.291120949078156,0.812437736969898,0.06846111255637921,0.6647420003852265
66736000000.0,66.736,-2.233779001730852,-28.128512236834734,0.773234191757811,0.039226032891446466,0.5994297969597561
66934000000.0,66.934,-2.5244580653150415,-27.90602178360771,0.7477855982472454,0.04024379340261276,0.5608028638534229
67132000000.0,67.132,-2.165345283070698,-23.126145239220698,0.7793503519139345,0.06977385815873813,0.6122553623107293
67330000000.0,67.33,-2.940247077084503,-20.365924980408657,0.7128327527397864,0.09587464104932339,0.5173224801749181
67528000000.0,67.528,-3.2158756793214467,-22.103844785331063,0.6905676282068524,0.0784888129117387,0.4830441428795314
67726000000.0,67.726,-2.6482078149846764,-24.151637961702672,0.7372072697786604,0.062003770758540896,0.5473190262027843
67924000000.0,67.924,-3.0879786713922384,-21.145456526067417,0.7008112525194491,0.08764500571741679,0.49881805868508505
68122000000.0,68.122,-3.376145568315197,-18.261865662813562,0.6779422830779107,0.12215372551035453,0.47452727184094906
68320000000.0,68.32,-2.7738314304676015,-19.0303061461552,0.7266218085588132,0.11181104145466354,0.5404809616644571
68518000000.0,68.518,-2.7053553189030914,-27.728991403905177,0.7323728465930904,0.041072432997014074,0.5380569311791606
68716000000.0,68.716,-2.8110770758886705,-32.75942165989027,0.7235126790149813,0.02301595061403281,0.5240003306781031
68914000000.0,68.914,-2.6344262006570496,-21.9069724041442,0.7383779006701261,0.08028813683314107,0.5516481091141596
69112000000.0,69.112,-2.741381436131301,-22.434340391842937,0.7293415038495767,0.07555843958712838,0.5376481070304036
69310000000.0,69.31,-2.405552919608593,-22.885444639289435,0.7580927687194293,0.07173444920524435,0.57985047718747
69508000000.0,69.508,-2.465519726952771,-28.06219970381429,0.7528769718801126,0.03952665060460535,0.5683860908953864
69706000000.0,69.706,-3.180743608746991,-23.10510819604643,0.6933664435972077,0.06994305379641384,0.485649055881008
69904000000.0,69.904,-3.259097329681526,-20.942335005827942,0.6871398464609045,0.08971875734038111,0.4802106240130176
70102000000.0,70.102,-2.8844579463711617,-22.730985679662425,0.7174259850213012,0.07302149429671966,0.5200321826131103
70300000000.0,70.3,-2.49058732927867,-39.08854670942404,0.750707290490982,0.011106383476439252,0.5636847877502374
70498000000.0,70.498,-2.477699285225419,-29.83240993466806,0.7518220099422627,0.032238847155643006,0.5662756778995488
70696000000.0,70.696,-2.6004197945559198,-30.473057111265256,0.7412744141725018,0.029946573984939724,0.5503845544002212
70894000000.0,70.894,-2.5028602720327515,-24.005875025943357,0.7496473090834864,0.06305307172079205,0.5659467778695397
71092000000.0,71.092,-3.2255199037300732,-19.65902627456906,0.6898012941385628,0.10400367518685033,0.48664258984760794
71290000000.0,71.29,-3.297605716904109,-17.786304450230617,0.6841001948997194,0.12902824122865617,0.4846413636963942
71488000000.0,71.488,-2.5192135179937365,-21.52033033324423,0.7482372481472692,0.083942806160677,0.5669053742211271
71686000000.0,71.686,-3.16974239806929,-25.55697442205341,0.6942451909982462,0.052741354472596466,0.48475803569579545
71884000000.0,71.884,-3.407596173824813,-23.66687203551112,0.6754919710157102,0.06556263476302748,0.4605878619837591
72082000000.0,72.082,-3.1460943555694487,-21.918387987427018,0.6961379054821222,0.08018268604711322,0.49103724659076614
72280000000.0,72.28,-2.0283872379510153,-21.484208450966165,0.7917364475072702,0.08429262477028689,0.633951848902097
72478000000.0,72.478,-2.1293919380468442,-18.792030590526274,0.7825829884341479,0.11492075498428529,0.6256429137126798
72676000000.0,72.676,-3.194863364956795,-18.971934738338977,0.6922402248178092,0.11256497081431255,0.4918674015102382
72874000000.0,72.874,-2.8423335313052958,-17.961427987438984,0.7209137741130999,0.12645284379485916,0.5357069914098007
73072000000.0,73.072,-2.1631531942383675,-28.385349387761565,0.7795470641530237,0.03808312082479651,0.6091439493213546
73270000000.0,73.27,-2.5892829331656286,-20.346222109138303,0.742225469908099,0.09609236771853545,0.5601323913140527
73468000000.0,73.468,-3.244468265634322,-16.022559460502244,0.6882981253629391,0.15807821634827826,0.4987430318619893
73666000000.0,73.666,-3.5441141718351536,-18.220153201687197,0.6649581165131101,0.12274175817810129,0.4572348359173144
73864000000.0,73.864,-2.793253191687179,-19.43983676493663,0.7249988879382989,0.1066616166099431,0.5370000879696167
74062000000.0,74.062,-2.1372266799337285,-24.52608398727572,0.7818774105890284,0.05938760354445594,0.6148591726441573
74260000000.0,74.26,-2.304198290708894,-17.417264329309834,0.7669906778162752,0.1346284307242646,0.6063995142163475
74458000000.0,74.458,-3.245397935163872,-22.381874895064463,0.6882244592702431,0.07601621742172388,0.47943137164892535
74656000000.0,74.656,-2.819563025045513,-22.52519623099306,0.7228061660543621,0.07477220507890651,0.5280396363385681
74854000000.0,74.854,-2.0891131009726434,-21.830654591481178,0.7862204664679168,0.08099668981450658,0.6247030856539358
75052000000.0,75.052,-2.053760552338488,-20.947574444047248,0.7894269933106459,0.0896646541734713,0.631234727975535
75250000000.0,75.25,-2.539534369379935,-20.84150062476914,0.7464887748884095,0.09076637033754288,0.5654840250186505
75448000000.0,75.448,-3.1482372798775877,-15.396911424898466,0.69596618020159,0.16988476304007083,0.513229756697573
75646000000.0,75.646,-3.6557499982486137,-15.320248981953252,0.6564663964338808,0.17139081774434906,0.460322942053962
75844000000.0,75.844,-3.5743028801825574,-15.286721743768513,0.6626509974001584,0.172053658912906,0.4687088059007434
76042000000.0,76.042,-3.287264656158821,-14.90347895603717,0.6849151413053624,0.17981505583245316,0.5014422050933728
76240000000.0,76.24,-2.681277128712099,-17.12000835007947,0.7344058769404965,0.13931554636507792,0.5587608135437401
76438000000.0,76.438,-2.493112872858215,-16.727602300732578,0.7504890436046824,0.14575379957589316,0.5844779746614804
76636000000.0,76.636,-2.3238054271815383,-18.495610778776406,0.765261260257755,0.11891029623860729,0.5997644550028407
76834000000.0,76.834,-2.116889024536483,-17.629348540381653,0.7837102895409429,0.1313810029723927,0.6314627858743803
77032000000.0,77.032,-2.5061069189532508,-19.3427548552251,0.7493671552454497,0.10786045729706943,0.573185011608991
77230000000.0,77.23,-2.6637270819891197,-17.83678447628254,0.7358912616146542,0.1282805390407985,0.5579918456174053
77428000000.0,77.428,-2.8002467265157494,-17.361317644840334,0.7244153824451531,0.13549838464301692,0.5431374585640242
77626000000.0,77.626,-2.7054581434847695,-20.526665112246405,0.7323641767286341,0.09411671153344998,0.5452152427452807
77824000000.0,77.824,-3.6513076819415327,-18.381106339077952,0.6568022258498809,0.1204882462316523,0.4459065813613372
78022000000.0,78.022,-3.2064469398952204,-19.75281931772136,0.69131766277954,0.10288665173761284,0.4885057739767426
78220000000.0,78.22,-2.8723893749470184,-23.235473475878365,0.7184235022605147,0.06890112709276218,0.5208796939149165
78418000000.0,78.418,-3.0536538041509727,-17.317419034038714,0.7035861952843291,0.13618492886308414,0.5135798690441211
78616000000.0,78.616,-2.1251083780261824,-18.89682454865719,0.7829690246467308,0.11354258371230823,0.6259324118723194
78814000000.0,78.814,-1.92196475509162,-23.683807678210776,0.8014967436851054,0.06543492607258584,0.6466787596879524
79012000000.0,79.012,-3.0329619413837317,-24.94202564761928,0.705264303607764,0.05661072510341872,0.5006025121400791
79210000000.0,79.21,-2.2570993647136057,-21.190238582682916,0.7711609537104139,0.08719429505630534,0.6022920616179211
79408000000.0,79.408,-2.849997425998759,-22.586224216466686,0.7202779646875299,0.07424868889813066,0.524313214217502
79606000000.0,79.606,-2.6342891762120306,-18.974144007403474,0.7383895490589871,0.1125363433859269,0.5578835547422094
79804000000.0,79.804,-2.9909751136197036,-18.993754379526983,0.7086817424641706,0.11228255358770191,0.5148371839422281
80002000000.0,80.002,-3.04510704777541,-19.172295283866156,0.704278851943512,0.10999811321194475,0.5081082862050592
80200000000.0,80.2,-2.10521424579437,-26.70279483734098,0.7847643895149676,0.04622322661290846,0.617991733729308
80398000000.0,80.398,-2.1310836669625086,-23.295848933149962,0.7824305815528895,0.06842385730860501,0.6168794391981811
80596000000.0,80.596,-3.0380169383001494,-20.696877617937858,0.7048539746924527,0.09229031304593692,0.5053366275218658
80794000000.0,80.794,-3.606637194916675,-16.441081842802916,0.6601887816602784,0.15064194273173453,0.4585422223400741
80992000000.0,80.992,-2.8867370314090253,-17.403645978472564,0.7172377647696057,0.134839676239765,0.5326117495001448
81190000000.0,81.19,-2.4758576643536983,-19.070284907239635,0.7519814314816627,0.1112975885305027,0.5778632265059157
81388000000.0,81.388,-2.1639883018887467,-19.541015279973166,0.7794721179529618,0.10542636579686551,0.6186915012712104
81586000000.0,81.586,-2.174806119450478,-19.004302777403502,0.7785019308132907,0.11214627714342253,0.6186420437571509
81784000000.0,81.784,-1.910148477232452,-23.442547562250127,0.8025878412601339,0.06727793018856784,0.6486735628290597
81982000000.0,81.982,-1.7051117242558025,-21.84226369534297,0.8217588951054803,0.08088850620564032,0.6818306321211597
82180000000.0,82.18,-2.2966580731173765,-16.783442178815033,0.7676567912253982,0.14481978255555625,0.6102697185339132
82378000000.0,82.378,-4.372782225717322,-14.112152957719257,0.6044507053584034,0.19696649289759105,0.4041564545326483
82576000000.0,82.576,-4.668070260796125,-13.595986888465548,0.5842469945002747,0.2090261664149797,0.38503648882874686
82774000000.0,82.774,-2.908482560222994,-15.527332981089819,0.7154443725136935,0.1673529417902059,0.5398676572873488
82972000000.0,82.972,-2.868277135248048,-18.715386033961707,0.7187637125587976,0.11593930650685871,0.5300631972845973
83170000000.0,83.17,-1.9844639926766878,-19.187225538033868,0.7957502804731941,0.10980919887121335,0.645276569029905
83368000000.0,83.368,-1.6921075570482471,-20.46835123978716,0.8229901211581943,0.09475070237247124,0.6862904351240557
83566000000.0,83.566,-1.45936710452099,-23.12550240599496,0.845340438465377,0.06977902223702843,0.7194695688491916
83764000000.0,83.764,-2.034429842193065,-18.928603024346934,0.791185843426236,0.11312793214850433,0.6387729678702809
83962000000.0,83.962,-2.3199095332953106,-18.57523069746492,0.7656045809203359,0.11782527583182169,0.6000331699510482
84160000000.0,84.16,-3.1705114172743727,-16.778414128264284,0.6941837276049099,0.1449036394793574,0.5028881124058113
84358000000.0,84.358,-3.9730378006166625,-16.97302568453209,0.6329189660951796,0.14169310448962008,0.4206633535028975
84556000000.0,84.556,-3.362701020407494,-18.722356201673772,0.6789924558997863,0.11584630598688045,0.47445112177962917
84754000000.0,84.754,-1.882638577779867,-22.66428916620214,0.805133822511884,0.07358436419125165,0.6536551308060287
84952000000.0,84.952,-2.018283148835773,-20.915949567080027,0.7926579916131917,0.08999171360477866,0.6364052001857834
85150000000.0,85.15,-2.8492694758455035,-15.961175187294172,0.7203383325310916,0.15919933182711857,0.5442317405678745
85348000000.0,85.348,-1.7732653884761014,-23.071987896378747,0.8153362105941058,0.07021026386062448,0.6697026174573345
85546000000.0,85.546,-2.5111156618787938,-20.741657238057655,0.748935155116384,0.0918157398476829,0.5693339966529795
85744000000.0,85.744,-2.2287767164608048,-22.634520884588536,0.7736796328322056,0.07383698517373834,0.6040320746389233
85942000000.0,85.942,-1.7767952799774656,-18.114048027544413,0.8150049303511863,0.12425034366420892,0.6796711843974158
86140000000.0,86.14,-2.281354658963764,-20.047512386477887,0.7690104953823662,0.09945448679256294,0.6012683369514044
86338000000.0,86.338,-3.153145539152799,-14.682400699407603,0.6955730117842637,0.18445055444801342,0.5178438217588109
86536000000.0,86.536,-4.38809638325964,-12.296488221464552,0.6033859326903376,0.242759139239729,0.42300658345300285
86734000000.0,86.734,-2.546159981331713,-18.222650535111026,0.7459195690561262,0.1227064730148712,0.5714528820206266
86932000000.0,86.932,-1.971287340222575,-21.05736813120506,0.7969583642229047,0.08853838450044998,0.6429816798347974
87130000000.0,87.13,-2.275546815782353,-19.07440639640487,0.7695248682422806,0.11124478990983415,0.6045439261253824
87328000000.0,87.328,-2.2061726160919957,-19.44437661953689,0.7756956735965548,0.10660588234123246,0.6130685921861654
87526000000.0,87.526,-2.063852711059414,-21.212864973453488,0.7885102886106768,0.0869674530340482,0.6293118131321225
87724000000.0,87.724,-2.1316300149975804,-17.952004782441588,0.782381367714752,0.12659010522962807,0.628145659289254
87922000000.0,87.922,-3.2481677641914364,-16.514738482325374,0.6880050274959764,0.1493698950608992,0.49566228341024327
88120000000.0,88.12,-4.104062274974255,-14.795388723545068,0.6234431912061837,0.1820667181216795,0.4218297025089493
88318000000.0,88.318,-3.0588955044840245,-16.63507077100205,0.703161728065551,0.14731482746385607,0.5161380742068378
88516000000.0,88.516,-2.113996703090108,-21.05601557301401,0.783971301321738,0.08855217268411189,0.622452488583176
88714000000.0,88.714,-2.140830478091994,-21.209297328438964,0.7815530749102337,0.08700318140982681,0.6183947624770726
88912000000.0,88.912,-2.0741924432992707,-20.32563299877678,0.7875721999591752,0.09632041610224529,0.6295475927066447
89110000000.0,89.11,-2.0197226580055916,-21.870383622496416,0.7925266355923016,0.08062705906826893,0.634599190777251
89308000000.0,89.308,-2.5104108750807685,-18.588402794560704,0.7489959273627914,0.11764672995693659,0.5748356522756083
89506000000.0,89.506,-3.017185463501251,-18.441445487967382,0.7065464633025719,0.11965413887695073,0.513525017755757
89704000000.0,89.704,-2.9154689218691554,-17.396598659651243,0.714869147211862,0.134949123150712,0.5292491634745609
89902000000.0,89.902,-3.433803285012112,-17.028432820858836,0.6734569447331356,0.14079212340934186,0.4733666784234009
90100000000.0,90.1,-1.7939646547891697,-27.11108014727867,0.8133955034845408,0.044100751753741126,0.6635571213941147
90298000000.0,90.298,-2.1279827354286613,-18.776879971819092,0.7827099653481872,0.11512138381985473,0.6258878228679586
90496000000.0,90.496,-2.365780904156477,-17.74584048459889,0.7615719761831066,0.12963073270269426,0.5967960017684796
90694000000.0,90.694,-2.498938262440706,-22.146954214919063,0.7499858797939419,0.07810022575710655,0.5685784651536042
90892000000.0,90.892,-2.5179363661572802,-21.839228789388102,0.7483472751996845,0.08091677411049679,0.5665711686312415
91090000000.0,91.09,-2.7241491077057556,-21.699357652648416,0.7307899136801611,0.08223034594830822,0.5408157277314358
91288000000.0,91.288,-2.0899458485515146,-26.484662775878128,0.7861450922883154,0.04739874700920003,0.6202707473470461
91486000000.0,91.486,-2.959167701684186,-17.88571680941878,0.7112816667378904,0.12755989689281463,0.5221931367327368
91684000000.0,91.684,-2.2444723671901663,-15.932618624159192,0.7722828340396212,0.15972359213835446,0.6219324016378485
91882000000.0,91.882,-2.660155597906571,-18.956927347632487,0.7361939092938821,0.1127596275266796,0.5546962056813644
92080000000.0,92.08,-1.9719875847925676,-22.16641555000332,0.7968941171168895,0.07792543270324138,0.6411126069574942
92278000000.0,92.278,-2.74195499030693,-21.481515841220784,0.7292933449307557,0.0843187593789122,0.5389784361434891
92476000000.0,92.476,-3.347263635498569,-23.8064181473295,0.6802002985657196,0.06451773206791567,0.4668349839200815
92674000000.0,92.674,-2.4989347704023332,-27.73089547819412,0.7499861813151572,0.04106343030463579,0.5641654774720755
92872000000.0,92.872,-2.2361216425762196,-19.94665473928931,0.7730256735951869,0.10061604983994193,0.6076922815226862
93070000000.0,93.07,-2.121326635094929,-17.80357842448098,0.7833099951612538,0.1287718926223704,0.6301567488490705
93268000000.0,93.268,-2.557713516012446,-20.356027844588258,0.7449280438481455,0.09598394765949447,0.5641307087197251
93466000000.0,93.466,-2.5749157675119583,-22.705048836519456,0.7434541869285114,0.07323986888896387,0.5580882064564066
93664000000.0,93.664,-2.0749151007191275,-20.757546083661804,0.7875066774574857,0.09164793750664144,0.6285661114893497
93862000000.0,93.862,-2.367481760422208,-22.54130171543935,0.7614228610428484,0.07463368998546199,0.5853349609995229
94060000000.0,94.06,-2.5930695744911123,-23.323042723920015,0.7419019648659002,0.06820997082982481,0.555071125592489
94258000000.0,94.258,-3.6543778332809325,-16.259325609566087,0.6565701107779384,0.15382740704465525,0.4547471815250364
94456000000.0,94.456,-2.4008022114765035,-19.759692748140655,0.7585075175496423,0.10280526634867104,0.5859025769683422
94654000000.0,94.654,-1.888725451788069,-19.29676516014473,0.8045698006815232,0.10843306703582996,0.6590902941955027
94852000000.0,94.852,-2.1230853173119275,-19.133927185002825,0.783151409920011,0.11048508159475136,0.6255330841147
95050000000.0,95.05,-2.0018193723593827,-24.407794051369688,0.7941618697864824,0.06020191378178117,0.6343173458457508
95248000000.0,95.248,-2.318469818482774,-22.699074873392036,0.7657314929187208,0.07329025898041779,0.5917161813089494
95446000000.0,95.446,-2.8406050018257756,-17.341789989297176,0.7210572533377503,0.1358033554011731,0.538366113929198
95644000000.0,95.644,-2.9071884720955476,-18.0718561217195,0.7155509726525595,0.12485536077782881,0.5276020555789858
95842000000.0,95.842,-2.384248815590934,-20.50406583459168,0.7599544444295289,0.09436190681007181,0.5864349270650268
96040000000.0,96.04,-1.9029772580404947,-20.877135272280285,0.803250745137323,0.09039475590937962,0.6533829714595809
96238000000.0,96.238,-1.8285806070895525,-21.2653763262363,0.8101603221172393,0.08644326931411583,0.6638321863428215
96436000000.0,96.436,-2.6015608128798084,-15.710435187912369,0.7411770433592995,0.16386199596814818,0.5761941633254983
96634000000.0,96.634,-2.742306374199282,-19.3774095002948,0.7292638422820378,0.10743097691836104,0.5433671664615941
96832000000.0,96.832,-2.935601711968191,-21.540575698615033,0.713214090079771,0.0837473772732987,0.5156879614884721
97030000000.0,97.03,-2.277698702832482,-21.044927777639572,0.769334245800566,0.08866528433503403,0.5997367144077381
97228000000.0,97.228,-2.3450819367381706,-28.973361577080716,0.7633890095634152,0.03559032231853657,0.5840294509649492
97426000000.0,97.426,-2.274931879214219,-24.270952407455027,0.7695793503681903,0.061157873969338625,0.5959926620615754
97624000000.0,97.624,-1.8781435953394052,-23.709226078972122,0.8055505902980761,0.0652437171180927,0.6531684961529644
97822000000.0,97.822,-2.453190368396077,-54.3986256884947,0.7539464168936071,0.001905762230402073,0.5684388314763875
98020000000.0,98.02,-2.8823997094759166,-29.318632096850664,0.7175960087795106,0.03420333036164093,0.5161138996241108
98218000000.0,98.218,-2.826421474051133,-30.15862866496564,0.7222356577036189,0.031050497771135603,0.522588478670414
98416000000.0,98.416,-2.806131102541642,-27.651078164430206,0.7239247834288991,0.041442513897071064,0.5257845740206876
98614000000.0,98.614,-2.752848856267564,-22.450857013944955,0.7283792366299303,0.0754148982274808,0.5362237192282612
98812000000.0,98.812,-2.867743488409848,-19.330900819900904,0.7188078735810622,0.10800775994435186,0.528350435330325
99010000000.0,99.01,-2.1421626897639894,-21.913661903655456,0.781433212198552,0.08022632616011784,0.6170741285360968
99208000000.0,99.208,-1.6264676956649806,-22.752575430320178,0.8292330732242625,0.07284021658779222,0.6929331868815116
99406000000.0,99.406,-2.0047022756180937,-22.28620836768417,0.7938983260355077,0.07685808893875025,0.636181717917298
99604000000.0,99.604,-2.178191491984091,-25.904061457608165,0.7781985645921498,0.050675369859402915,0.6081609990436695
99802000000.0,99.802,-3.441628850247419,-19.772111421019886,0.6728504659384846,0.10265838528352662,0.46326649358265687
100000000000.0,100.0,-2.7707987467898443,-17.08683074900406,0.7268755533025228,0.13984870931292495,0.5479057314853395
