time_s,U1_V,I1_A,U2_V,I2_A
2.62952473628e-12,-0.00138740368083,0.0014706689095206216,-3.9,3.9393261316878476
3.94428710442e-12,-1.76282859599e-05,-2.8106758208713443e-05,-5.25,5.254323559671389
1.05180989451e-11,-0.0001458795291,-0.10902997803328207,-1.1,1.1811500343095318
1.18328613133e-11,-0.0002143833808081,-0.19325445858750756,-1.3,1.3099331275710908
1.31476236814e-11,-0.0002617622094481,-0.3011172900439647,-1.41,1.4399331275710856
1.57771484177e-11,-8.90794515271e-51,-0.45860338773781806,-1.7,1.6999331275710907
1.70919107858e-11,0.0002313008708371,-0.3821019217571609,-1.8,1.8399279835380924
1.8406673154e-11,0.0007170709177441,-0.9952614171834572,-1.9,1.969933127571091
1.97214355221e-11,0.00129389459471,0.04328128600668746,-2.12,2.101932098764487
2.23509602584e-11,0.00214385955769,0.02149896752823268,-2.3,2.3599336419743873
2.36657226265e-11,0.00213373439328,0.030709863910217718,-2.4,2.489933127571086
2.49804849947e-11,0.00176697641291,0.03801774007818296,-2.6,2.619933127571091
2.62952473628e-11,0.00113044906448,0.04193623382525595,-2.7,2.7619269547314937
2.7610009731e-11,0.000391458719605,0.02288082421840513,-2.8,2.8909336419792933
2.89247720991e-11,-0.000268280298769,0.003813591576580261,-3.03,3.0199336419743874
3.15542968354e-11,-0.000915152091693,0.0024528483420729916,-3.2,3.282933127576032
3.28690592035e-11,-0.000894952590897,0.0017325888377953803,-3.43,3.412933127571088
3.54985839398e-11,-0.000536515692147,0.007089405351588024,-3.6,3.682930555554592
3.6813346308e-11,-0.00034779690759,0.004774726450455432,-3.8,3.813266289443263
3.81281086761e-11,-0.000204360191674,0.002457477317077522,-3.9,3.943599622773292
3.94428710442e-11,-0.0001106163445,0.00014022818369959986,-4.04,4.073932956103321
4.20723957805e-11,-2.89387029397e-05,0.0005585356681122651,-4.34,4.333933127571088
4.47019205168e-11,-9.86272079473e-06,0.00033625647702926055,-4.6,4.60059807956347
4.6016682885e-11,-6.9602103121e-06,0.00022503431310062072,-4.74,4.733931412903564
4.86462076212e-11,-4.02937403265e-06,0.0001326239374457577,-4.94,4.993933127571088
5.12757323575e-11,-2.31275772933e-06,8.484970885531875e-05,-5.25,5.261264574762379
5.52200194619e-11,-9.84814747085e-07,4.390093518233624e-05,-5.65,5.6580751763673325
5.78495441982e-11,-5.4276372552e-07,2.6841435312363612e-05,-5.95,5.921218033511619
6.17938313026e-11,-2.07284530873e-07,1.2521855077290113e-06,-6.36,6.3159323192230445
6.44233560389e-11,-9.12278608212e-08,8.901577273478822e-06,-6.56,6.575933127571088
7.09971678796e-11,4.04820055255e-08,3.305310724321027e-06,-7.27,7.231431712962015
7.75709797203e-11,5.74430305544e-08,4.2712583309452444e-07,-7.87,7.886933127571087
9.3348128138e-11,7.07749916451e-08,0.05632129344898909,-9.49,8.15118276018832
1.01236702347e-10,7.19023371953e-08,0.3944229510162599,-1.0,1.0206113314877623
1.02551464715e-10,6.82102427874e-08,0.3943917058734331,-1.0,1.0299948559677667
1.03866227083e-10,6.57462266851e-08,0.3943485316074574,-1.0,1.0499897119355337
1.05180989451e-10,6.57170664553e-08,0.3943156637056284,-1.0,1.0609943415645435
1.06495751819e-10,6.82444591948e-08,0.3942890595411212,-1.01,1.0754925411477503
1.09125276556e-10,7.55433779975e-08,0.39425165909711446,-1.1,1.0999948559677668
1.10440038924e-10,7.70484183121e-08,0.39424943424220454,-1.1,1.1099948559677668
1.11754801292e-10,7.6417093986e-08,0.3942494331,-1.1,1.1299897119355335
1.1306956366e-10,7.4480815293e-08,0.3942494331,-1.1,1.1399948559677666
1.14384326028e-10,7.23988504703e-08,0.3942494331,-1.1,1.1509943415645436
1.15699088396e-10,7.09260126186e-08,0.3942494331,-1.11,1.1654925411477504
1.18328613133e-10,6.99118940517e-08,0.3942494331,-1.1,1.1899948559677667
1.19643375501e-10,6.9868945296e-08,0.3942494331,-1.2,1.1999948559677667
1.20958137869e-10,7.00053304215e-08,0.3942494331,-1.2,1.2199897119355332
1.22272900237e-10,7.03232378996e-08,0.3942494331,-1.2,1.2299948559677667
1.23587662605e-10,7.07136704747e-08,0.3942494331,-1.2,1.2409943415645437
1.24902424973e-10,7.0991286627e-08,0.3942494331,-1.21,1.2554925411477504
1.2753194971e-10,7.09741483362e-08,0.3942494331,-1.2,1.2799948559677667
1.28846712078e-10,7.09157736978e-08,0.3942494331,-1.3,1.2999897119355337
1.30161474446e-10,7.0991311496e-08,0.3942494331,-1.3,1.3099948559677668
1.31476236814e-10,7.12169123673e-08,0.3942494331,-1.3,1.3209943415645435
1.32790999182e-10,7.15384222971e-08,0.3942494331,-1.3,1.3339933127548027
1.3410576155e-10,7.1906362642e-08,0.3942494331,-1.31,1.3469933127515068
1.36735286287e-10,7.25695796788e-08,0.3942494331,-1.3,1.3799897119355335
1.38050048655e-10,7.26908906401e-08,0.3942494331,-1.3,1.3899948559677666
1.39364811023e-10,7.25385502776e-08,0.3942494331,-1.4,1.3999948559677666
1.40679573391e-10,7.20995165793e-08,0.3942494331,-1.4,1.4099948559677666
1.41994335759e-10,7.14635666199e-08,0.3942494331,-1.4,1.4309891975323104
1.43309098127e-10,7.07463163607e-08,0.3942494331,-1.41,1.4439933127548024
1.45938622864e-10,6.9682687176e-08,0.3942494331,-1.4,1.4699933127580984
1.47253385232e-10,6.96228310559e-08,0.3942494331,-1.41,1.4799948559677667
1.49882909968e-10,7.0774045291e-08,0.3942494331,-1.5,1.5099897119355337
1.51197672336e-10,7.17640800119e-08,0.3942494331,-1.5,1.5199948559677667
1.52512434704e-10,7.26798061734e-08,0.3942494331,-1.51,1.5309943415645435
1.55141959441e-10,7.33586054125e-08,0.3942494331,-1.5,1.5599925411532647
1.56456721809e-10,7.30371096935e-08,0.3942494331,3.0,1.5699948559677668
1.57771484177e-10,7.24635880189e-08,0.3942494331,1.57,1.5899897119355337
1.59086246545e-10,7.18623303086e-08,0.3942494331,-0.0,1.5999948559677668
1.60401008913e-10,7.13966334942e-08,0.3942494331,-0.0,1.6099948559677668
1.61715771281e-10,7.11198770986e-08,0.3942494331,-0.0,1.6309891975323103
1.6303053365e-10,7.09862204573e-08,0.3942494331,-0.0,1.640495113172993
1.64345296018e-10,7.09233161089e-08,0.3942494331,-0.0,1.6499951131693802
1.65660058386e-10,7.09002021537e-08,0.3942494331,-0.0,1.6599948559677666
1.66974820754e-10,7.09495777684e-08,0.3942494331,-0.0,1.6799897119355336
1.68289583122e-10,7.11380847562e-08,0.3942494331,-0.0,1.6899948559677667
1.6960434549e-10,7.14795183043e-08,0.3942494331,-0.0,1.6999948559677667
1.70919107858e-10,7.18857320336e-08,0.3942494331,-0.0,1.7209891975323104
1.74863394963e-10,7.19310575548e-08,0.3942494331,-0.0,1.7599897119355337
1.76178157331e-10,7.15232770787e-08,0.3942494331,-0.0,1.7699948559677665
1.77492919699e-10,7.11848313628e-08,0.3942494331,-0.0,1.7799948559677667
1.78807682067e-10,7.1072324026e-08,0.3942494331,-0.0,1.7999897119355337
1.80122444435e-10,7.12151964066e-08,0.3942494331,-0.0,1.8109943415645435
1.8406673154e-10,7.2077731339e-08,0.3942494331,-0.0,1.8499948559677668
1.85381493908e-10,7.20863750914e-08,0.3942494331,-0.0,1.8599948559677668
1.86696256276e-10,7.18674675326e-08,0.3942494331,-0.0,1.8799897119355335
1.88011018644e-10,7.14943224622e-08,0.3942494331,-0.0,1.8899948559677666
1.89325781012e-10,7.11273093756e-08,0.3942494331,-0.0,1.9009943415645436
1.93270068117e-10,7.12120558077e-08,0.3942494331,-0.0,1.9399948559677667
1.94584830485e-10,7.1431354165e-08,0.3942494331,-0.0,1.9499948559677667
1.95899592853e-10,7.14920842526e-08,0.3942494331,-0.0,1.9699897119355336
1.97214355221e-10,7.13611774117e-08,0.3942494331,-0.0,1.9799948559677667
1.98529117589e-10,7.11416658916e-08,0.3942494331,-0.0,1.9909943415645437
2.02473404694e-10,7.11513967744e-08,0.03942494331,-0.0,2.0299948559677667
2.03788167062e-10,7.13921108897e-08,0.03942494331,-0.0,2.0499897119355333
2.0510292943e-10,7.16268528933e-08,0.03942494331,-0.0,2.059994855967767
2.06417691798e-10,7.18044494974e-08,0.03942494331,-0.0,2.069994855967767
2.07732454166e-10,7.19015735839e-08,0.03942494331,-0.0,2.0919886831290873
2.09047216534e-10,7.19066965971e-08,0.03942494331,-0.0,2.1013285322342172
2.11676741271e-10,7.16209234142e-08,0.03942494331,-0.0,2.11999519890325
2.12991503639e-10,7.13981043177e-08,0.03942494331,-0.0,2.1399897119355336
2.14306266007e-10,7.12176371209e-08,0.03942494331,-0.0,2.149994855967767
2.15621028375e-10,7.11368164374e-08,0.03942494331,-0.0,2.159994855967767
2.16935790743e-10,7.11623071581e-08,0.03942494331,-0.0,2.1799897119355336
2.18250553111e-10,7.12563403837e-08,0.03942494331,-0.0,2.191993827152198
2.1956531548e-10,7.13666770125e-08,0.03942494331,-0.0,2.2059927983548735
2.20880077848e-10,7.14703558558e-08,0.03942494331,-0.0,2.2199927983548737
2.22194840216e-10,7.15706560683e-08,0.03942494331,-0.0,2.229994855967767
2.23509602584e-10,7.16768928655e-08,0.03942494331,-0.0,2.239994855967767
2.24824364952e-10,7.17789907512e-08,0.03942494331,-0.0,2.259989711935533
2.2613912732e-10,7.18548767153e-08,0.03942494331,-0.0,2.27199382716132
2.27453889688e-10,7.18895831753e-08,0.03942494331,-0.0,2.2846601508892945
2.30083414425e-10,7.18874231254e-08,0.03942494331,-0.0,2.30999348422584
2.31398176793e-10,7.18895192264e-08,0.03942494331,-0.0,2.319994855967767
2.32712939161e-10,7.18920096787e-08,0.03942494331,-0.0,2.3399897119355333
2.34027701529e-10,7.18723454085e-08,0.03942494331,-0.0,2.3499948559677666
2.35342463897e-10,7.18041297532e-08,0.03942494331,-0.0,2.36199382716132
2.36657226265e-10,7.16766157538e-08,0.03942494331,-0.0,2.374660150889295
2.4060151337e-10,7.11545267151e-08,0.03942494331,-0.0,2.409994855967767
2.41916275738e-10,7.10506489199e-08,0.03942494331,-0.0,2.4299897119355336
2.43231038106e-10,7.1015867853e-08,0.03942494331,-0.0,2.4399948559677664
2.44545800474e-10,7.10328960096e-08,0.03942494331,-0.0,2.4519938271613198
2.45860562842e-10,7.10760117428e-08,0.03942494331,-0.0,2.4646601508892947
2.49804849947e-10,7.1256684997e-08,0.03942494331,-0.0,2.5099897119355337
2.51119612315e-10,7.13556316256e-08,0.03942494331,-0.0,2.519994855967767
2.52434374683e-10,7.14646111177e-08,0.03942494331,-0.0,2.5299948559677667
2.53749137051e-10,7.1563674986e-08,0.03942494331,-0.0,2.551988683129087
2.55063899419e-10,7.16343420137e-08,0.03942494331,-0.0,2.564660150889295
2.59008186524e-10,7.17649433213e-08,0.03942494331,-0.0,2.5999948559677666
2.60322948892e-10,7.18071424544e-08,0.03942494331,-0.0,2.6099948559677664
2.6163771126e-10,7.18265509292e-08,0.03942494331,-0.0,2.6199948559677666
2.62952473628e-10,7.18006800682e-08,0.03942494331,-0.0,2.6419886831290866
2.64267235996e-10,7.17224386548e-08,0.03942494331,-0.0,2.6546601508892946
2.68211523101e-10,7.13365393423e-08,0.03942494331,-0.0,2.689994855967767
2.69526285469e-10,7.12368075639e-08,0.03942494331,-0.0,2.6999948559677667
2.70841047837e-10,7.11776264595e-08,0.03942494331,-0.0,2.7199897119355336
2.72155810205e-10,7.11655010477e-08,0.03942494331,-0.0,2.73199382716132
2.73470572573e-10,7.11949885712e-08,0.03942494331,-0.0,2.7469922839459486
2.7610009731e-10,7.13142140896e-08,0.03942494331,-0.0,2.77099537037099
2.77414859678e-10,7.13683361298e-08,0.03942494331,-0.0,2.7799953703709903
2.78729622046e-10,7.14063359553e-08,0.03942494331,-0.0,2.7999897119355337
2.80044384414e-10,7.14312511363e-08,0.03942494331,-0.0,2.81199382716132
2.81359146782e-10,7.14543544333e-08,0.03942494331,-0.0,2.823594032920846
2.8267390915e-10,7.14836607685e-08,0.03942494331,-0.0,2.8351940329190812
2.86618196255e-10,7.16507484455e-08,0.03942494331,-0.0,2.86999403292261
2.87932958623e-10,7.17223427316e-08,0.03942494331,-0.0,2.8899897119355336
2.89247720991e-10,7.17824617524e-08,0.03942494331,-0.0,2.8999948559677664
2.90562483359e-10,7.18123400745e-08,0.03942494331,-0.0,2.9099948559677666
2.91877245727e-10,7.17979018461e-08,0.03942494331,-0.0,2.931988683129087
2.98451057568e-10,7.14668955126e-08,0.03942494331,-0.0,2.9899948559677667
2.99765819936e-10,7.14537149449e-08,0.003960746617126781,-0.0,3.0099897119355328
3.01080582304e-10,7.14535515201e-08,0.003942494331,-0.0,3.022993312758097
3.06339631777e-10,7.14498247234e-08,0.003942494331,-0.0,3.069994855967767
3.07654394145e-10,7.14360828269e-08,0.003942494331,-0.0,3.079994855967767
3.08969156513e-10,7.14131607182e-08,0.003942494331,-0.0,3.099989711935534
3.10283918881e-10,7.13830514698e-08,0.003942494331,-0.0,3.112993312758097
3.1159868125e-10,7.13539725083e-08,0.003942494331,-0.0,3.1253269890331676
3.15542968354e-10,7.13642718253e-08,0.003942494331,-0.0,3.1599948559677666
3.16857730722e-10,7.14073875585e-08,0.003942494331,-0.0,3.1799897119355336
3.1817249309e-10,7.14594596829e-08,0.003942494331,-0.0,3.1899948559677664
3.19487255458e-10,7.15094250481e-08,0.003942494331,-0.0,3.202993312758097
3.24746304931e-10,7.15899721726e-08,0.003942494331,-0.0,3.2599897119355328
3.26061067299e-10,7.15765251513e-08,0.003942494331,-0.0,3.2699948559677665
3.27375829667e-10,7.15525123596e-08,0.003942494331,-0.0,3.2799948559677663
3.28690592035e-10,7.15257533201e-08,0.003942494331,-0.0,3.302988168725863
3.3263487914e-10,7.14985111117e-08,0.003942494331,-0.0,3.329994855967767
3.33949641508e-10,7.15089205627e-08,0.003942494331,-0.0,3.349989711935534
3.35264403876e-10,7.15137558061e-08,0.003942494331,-0.0,3.359994855967767
3.36579166244e-10,7.15066326151e-08,0.003942494331,-0.0,3.369994855967767
3.37893928612e-10,7.14845631578e-08,0.003942494331,-0.0,3.392988168725864
3.3920869098e-10,7.14538321844e-08,0.003942494331,-0.0,3.404743955759893
3.43152978085e-10,7.13983956402e-08,0.003942494331,-0.0,3.4399939557621266
3.44467740453e-10,7.14128445267e-08,0.003942494331,-0.0,3.4499948559677667
3.45782502821e-10,7.14409251756e-08,0.003942494331,-0.0,3.4699897119355336
3.47097265189e-10,7.1475837693e-08,0.003942494331,-0.0,3.482993312758097
3.48412027557e-10,7.15081815983e-08,0.003942494331,-0.0,3.494743955759893
3.52356314662e-10,7.15495351855e-08,0.003942494331,-0.0,3.529993955762127
3.5367107703e-10,7.15455525935e-08,0.003942494331,-0.0,3.5399948559677665
3.54985839398e-10,7.15423800202e-08,0.003942494331,-0.0,3.5599897119355335
3.56300601766e-10,7.15454744338e-08,0.003942494331,-0.0,3.5729933127580966
3.57615364134e-10,7.15578947208e-08,0.003942494331,-0.0,3.5847439557598926
3.61559651239e-10,7.15910415394e-08,0.003942494331,-0.0,3.6199939557621277
3.62874413607e-10,7.15717112243e-08,0.003942494331,-0.0,3.639989711935534
3.64189175975e-10,7.15362515891e-08,0.003942494331,-0.0,3.649994855967767
3.65503938343e-10,7.14968519944e-08,0.003942494331,-0.0,3.659994855967767
3.66818700711e-10,7.14663519474e-08,0.003942494331,-0.0,3.682988168708379
3.6813346308e-10,7.14517538469e-08,0.003942494331,-0.0,3.695326989026912
3.72077750184e-10,7.14480163921e-08,0.003942494331,-0.0,3.7299948559677665
3.73392512552e-10,7.14345516073e-08,0.003942494331,-0.0,3.7399948559677667
3.7470727492e-10,7.14175376615e-08,0.003942494331,-0.0,3.762988168725864
3.76022037288e-10,7.14046377581e-08,0.003942494331,-0.0,3.774743955759893
3.81281086761e-10,7.14720043149e-08,0.003942494331,-0.0,3.8199948559677663
3.82595849129e-10,7.15058083856e-08,0.003942494331,-0.0,3.8299948559677666
3.83910611497e-10,7.15362231674e-08,0.003942494331,-0.0,3.8529881687258634
3.85225373865e-10,7.15590031675e-08,0.003942494331,-0.0,3.8653269890237874
3.8916966097e-10,7.15449806066e-08,0.003942494331,-0.0,3.899994855967767
3.90484423338e-10,7.15179941935e-08,0.003942494331,-0.0,3.909994855967767
3.91799185706e-10,7.14901977616e-08,0.003942494331,-0.0,3.929989711935534
3.93113948074e-10,7.14722920847e-08,0.003942494331,-0.0,3.942993312758097
3.94428710442e-10,7.14667676149e-08,0.003942494331,-0.0,3.954743955759893
3.99687759915e-10,7.15182890687e-08,0.0003960746617126779,-0.0,4.009989711935533
4.01002522283e-10,7.15244317107e-08,0.0003942494331,-0.0,4.0199948559677665
